Class,Proportion,Area_Sq_Km,Area_Exclusive,Area_Overlapped
Total,16.089558063844553,6941.8154,NA,NA
Paragraph_3,10.515979754362576,4537.1035,1588.2311,2948.8724
Nautra_2000,8.989763699079777,3878.6199,642.5146,3236.1053
IUCN,2.5305076874140218,1091.7837,97.66,994.1237
Urort_Skov,1.6171664274647632,697.724,155.486,542.238
NaturaOgVildtreservater,1.0189056596814436,439.60530000000006,11.9836,427.62170000000003
Naturnationalparker,0.5963648287907293,257.3007,57.2221,200.0786
Stoette,0.13149889822080557,56.735,9.1642,47.5708
