Class,Proportion,Area_Sq_Km,Area_Exclusive,Area_Overlapped
Total,16.011522095663587,6908.1469,NA,NA
Paragraph_3,10.515979754362576,4537.1035,1589.1748,2947.9287
Nautra_2000,8.989763699079777,3878.6199,654.5666,3224.0533
IUCN,2.5305076874140218,1091.7837,103.6595,988.1242
Urort_Skov,1.6171664274647635,697.724,160.1536,537.5704000000001
NaturaOgVildtreservater,1.0189056596814436,439.6053,11.9836,427.6217
Naturnationalparker,0.22544406596795993,97.2675,24.2354,73.0321
Stoette,0.13149889822080557,56.735,9.1648,47.5702
