Class,Proportion,Area_Sq_Mt,Area_Exclusive,Area_Overlapped
Nautra_2000,8.989763699079777,3878619900,654566600,3224053300
Paragraph_3,10.515979754362576,4537103500,1589174800,2947928700
NaturaOgVildtreservater,1.0189056596814436,439605300,11983600,427621700
IUCN,2.5305076874140218,1091783700,103659500,988124200
Urort_Skov,1.6171664274647635,697724000,160153600,537570400
Stoette,0.13149889822080557,56735000,9164800,47570200
Naturnationalparker,0.22544406596795993,97267500,24235400,73032100
