Class,Proportion,Area_Sq_Mt,Area_Exclusive,Area_Overlapped
Nautra_2000,8.9897762579074,3878625200,654569300,3224055900
Paragraph_3,10.515978684948163,4537102900,1589173000,2947929900
NaturaOgVildtreservater,1.0189128759068184,439608400,11984500,427623900
IUCN,2.530510082491743,1091784700,103660000,988124700
