Nature_content,Area,Open_Nature,Urort_Skov,PGR,OMD,SO
All,6941.8154,2586.2035,524.9169,188.5463,674.1650000000001,698.996
Paragraph 3 and klit,4537.1035,4537.1035,152.4685,0,0,698.996
Natura 2000,3878.6199,1948.7095,473.0516,159.1499,587.3872,355.6422
IUCN,1091.7837,698.2715,85.3941,43.179700000000004,117.65520000000001,100.43719999999999
Urort_Skov,697.724,152.4685,697.724,24.4403,13.107099999999999,27.0807
NaturaOgVildtreservater,439.6053,313.3749,27.535800000000002,8.019,10.167300000000001,71.2681
Naturnationalparker,257.3007,106.5693,65.3916,8.736799999999999,2.2315,6.2439
Stoette,56.735,12.6907,28.8091,1.6063,1.8126,0.30619999999999997
