Status,Kommunal,Privat,Statslig,Unknown,Total
Exclusive,0.0331,2.1583,152.23190000000002,0.9397,155.363
Overlaps,0.4055,26.4743,413.7398,3.7279,444.34749999999997
